{
    "results": [
        {
            "columns": [
                "ID",
                "Market",
                "Crypto",
                "Price",
                "USD",
                "Buyer",
                "Seller"
            ],
            "data": [
                {
                    "row": [
                        9427137,
                        "OpenSea",
                        "ETH",
                        1.75,
                        1533.35875,
                        "0xafe7e3264efca320af481af3408d6f348878ec88",
                        "0xa77c4fe17cfd86a499ade6ecc8b3bee2f698c8e0"
                    ],
                    "meta": [
                        null,
                        null,
                        null,
                        null,
                        null,
                        null,
                        null
                    ]
                },
                {
                    "row": [
                        9427136,
                        "OpenSea",
                        "ETH",
                        20.065798611111116,
                        14917.91797743056,
                        "0xe820f08968489c466c77c2ea1a5c436d8c70d896",
                        "0x53ec525b9df849be99263311f5b7f9fd6cfebea6"
                    ],
                    "meta": [
                        null,
                        null,
                        null,
                        null,
                        null,
                        null,
                        null
                    ]
                },
                {
                    "row": [
                        9427132,
                        "OpenSea",
                        "ETH",
                        3.860868055555556,
                        2870.362355902778,
                        "0xeb654da17d410c64c2e6a11a7c80b90c04d381fa",
                        "0x10ab6d4b3f63495f0c5a1a3a640f0990390d7453"
                    ],
                    "meta": [
                        null,
                        null,
                        null,
                        null,
                        null,
                        null,
                        null
                    ]
                },
                {
                    "row": [
                        9427133,
                        "OpenSea",
                        "ETH",
                        1.5,
                        1115.1750000000004,
                        "0x9ee2f5164e04d843098bc1923e328caa4350391d",
                        "0x8ad7e433f00fbb22ae23f8eda8aadd359d411cf4"
                    ],
                    "meta": [
                        null,
                        null,
                        null,
                        null,
                        null,
                        null,
                        null
                    ]
                },
                {
                    "row": [
                        9427134,
                        "OpenSea",
                        "ETH",
                        2.0,
                        1486.9,
                        "0x9ee2f5164e04d843098bc1923e328caa4350391d",
                        "0xa2381223639181689cd6c46d38a1a4884bb6d83c"
                    ],
                    "meta": [
                        null,
                        null,
                        null,
                        null,
                        null,
                        null,
                        null
                    ]
                },
                {
                    "row": [
                        9427135,
                        "OpenSea",
                        "ETH",
                        4.9961414351851845,
                        3714.3813499884254,
                        "0x9ee2f5164e04d843098bc1923e328caa4350391d",
                        "0x7494eb2916cad8649f4f91eb1db6e20be605dad6"
                    ],
                    "meta": [
                        null,
                        null,
                        null,
                        null,
                        null,
                        null,
                        null
                    ]
                },
                {
                    "row": [
                        9427130,
                        "OpenSea",
                        "ETH",
                        1.5,
                        1024.44,
                        "0x7d1c097a9ee545d01a428a3cc071039cde6633c7",
                        "0x98aec1e4e88564a48331e55b4366f6f4b2e48f24"
                    ],
                    "meta": [
                        null,
                        null,
                        null,
                        null,
                        null,
                        null,
                        null
                    ]
                },
                {
                    "row": [
                        9427131,
                        "OpenSea",
                        "ETH",
                        1.0,
                        682.9599999999998,
                        "0xa2381223639181689cd6c46d38a1a4884bb6d83c",
                        "0x5c035bb4cb7dacbfee076a5e61aa39a10da2e956"
                    ],
                    "meta": [
                        null,
                        null,
                        null,
                        null,
                        null,
                        null,
                        null
                    ]
                },
                {
                    "row": [
                        9427128,
                        "OpenSea",
                        "ETH",
                        4.0,
                        3153.1199999999994,
                        "0xe912145bb163062c24c06ed8701eb1fb233198fc",
                        "0x8506295d413bb6f3f24bb7d0933b1c7b0c4c35f3"
                    ],
                    "meta": [
                        null,
                        null,
                        null,
                        null,
                        null,
                        null,
                        null
                    ]
                },
                {
                    "row": [
                        9427129,
                        "OpenSea",
                        "ETH",
                        7.38630863888889,
                        5822.479373863333,
                        "0xc0fa5f0fedcb612d026353604491be33d5a7e9d8",
                        "0x4ada9ba6e1ff8ccd3cad7dc5b2025d66855aba8e"
                    ],
                    "meta": [
                        null,
                        null,
                        null,
                        null,
                        null,
                        null,
                        null
                    ]
                }
            ]
        }
    ],
    "errors": []
}